{
  "Liquipedia Dota2" : {
    "transaction" : "Liquipedia Dota2",
    "sampleCount" : 10,
    "errorCount" : 0,
    "errorPct" : 0.0,
    "meanResTime" : 1855.6,
    "medianResTime" : 1651.0,
    "minResTime" : 977.0,
    "maxResTime" : 3035.0,
    "pct1ResTime" : 3000.7000000000003,
    "pct2ResTime" : 3035.0,
    "pct3ResTime" : 3035.0,
    "throughput" : 0.8872327211427558,
    "receivedKBytesPerSec" : 375.78118068494365,
    "sentKBytesPerSec" : 0.1161027193682903
  },
  "Liquipedia Rl" : {
    "transaction" : "Liquipedia Rl",
    "sampleCount" : 10,
    "errorCount" : 0,
    "errorPct" : 0.0,
    "meanResTime" : 1334.3,
    "medianResTime" : 1334.5,
    "minResTime" : 940.0,
    "maxResTime" : 1827.0,
    "pct1ResTime" : 1800.5,
    "pct2ResTime" : 1827.0,
    "pct3ResTime" : 1827.0,
    "throughput" : 0.7285974499089253,
    "receivedKBytesPerSec" : 542.0096197632058,
    "sentKBytesPerSec" : 0.10032445355191257
  },
  "Total" : {
    "transaction" : "Total",
    "sampleCount" : 50,
    "errorCount" : 0,
    "errorPct" : 0.0,
    "meanResTime" : 1264.5000000000002,
    "medianResTime" : 1050.0,
    "minResTime" : 250.0,
    "maxResTime" : 3299.0,
    "pct1ResTime" : 2518.7999999999993,
    "pct2ResTime" : 2846.3499999999985,
    "pct3ResTime" : 3299.0,
    "throughput" : 3.0582910269741266,
    "receivedKBytesPerSec" : 1351.2873732720655,
    "sentKBytesPerSec" : 0.40378998715517767
  },
  "Liquipedia Cs" : {
    "transaction" : "Liquipedia Cs",
    "sampleCount" : 10,
    "errorCount" : 0,
    "errorPct" : 0.0,
    "meanResTime" : 951.8999999999999,
    "medianResTime" : 964.0,
    "minResTime" : 516.0,
    "maxResTime" : 1423.0,
    "pct1ResTime" : 1411.7,
    "pct2ResTime" : 1423.0,
    "pct3ResTime" : 1423.0,
    "throughput" : 0.7854225573358466,
    "receivedKBytesPerSec" : 356.53198510642477,
    "sentKBytesPerSec" : 0.10891601869305687
  },
  "Wikipedia" : {
    "transaction" : "Wikipedia",
    "sampleCount" : 10,
    "errorCount" : 0,
    "errorPct" : 0.0,
    "meanResTime" : 1199.3999999999999,
    "medianResTime" : 732.0,
    "minResTime" : 250.0,
    "maxResTime" : 3299.0,
    "pct1ResTime" : 3225.8,
    "pct2ResTime" : 3299.0,
    "pct3ResTime" : 3299.0,
    "throughput" : 0.9775171065493646,
    "receivedKBytesPerSec" : 73.5304786779081,
    "sentKBytesPerSec" : 0.11646199902248289
  },
  "Liquipedia Valorant" : {
    "transaction" : "Liquipedia Valorant",
    "sampleCount" : 10,
    "errorCount" : 0,
    "errorPct" : 0.0,
    "meanResTime" : 981.3000000000001,
    "medianResTime" : 916.5,
    "minResTime" : 514.0,
    "maxResTime" : 1863.0,
    "pct1ResTime" : 1830.5,
    "pct2ResTime" : 1863.0,
    "pct3ResTime" : 1863.0,
    "throughput" : 0.8375209380234506,
    "receivedKBytesPerSec" : 429.3219024811558,
    "sentKBytesPerSec" : 0.11205114112227806
  }
}