{
  "Total" : {
    "transaction" : "Total",
    "sampleCount" : 100,
    "errorCount" : 0,
    "errorPct" : 0.0,
    "meanResTime" : 290.7600000000001,
    "medianResTime" : 257.5,
    "minResTime" : 243.0,
    "maxResTime" : 811.0,
    "pct1ResTime" : 333.00000000000006,
    "pct2ResTime" : 662.4999999999999,
    "pct3ResTime" : 810.6599999999999,
    "throughput" : 9.935419771485344,
    "receivedKBytesPerSec" : 747.3589636115252,
    "sentKBytesPerSec" : 1.1837121212121213
  },
  "HTTP Request" : {
    "transaction" : "HTTP Request",
    "sampleCount" : 100,
    "errorCount" : 0,
    "errorPct" : 0.0,
    "meanResTime" : 290.7600000000001,
    "medianResTime" : 257.5,
    "minResTime" : 243.0,
    "maxResTime" : 811.0,
    "pct1ResTime" : 333.00000000000006,
    "pct2ResTime" : 662.4999999999999,
    "pct3ResTime" : 810.6599999999999,
    "throughput" : 9.935419771485344,
    "receivedKBytesPerSec" : 747.3589636115252,
    "sentKBytesPerSec" : 1.1837121212121213
  }
}